channel_title,total_likes,total_dislikes,total_views,total_trending_videos
12 News,352,90,177970,2
1theK (Ã¬â€ºÂÃ«Ââ€Ã¬Â¼â‚¬Ã¬ÂÂ´),3663362,63329,57375949,19
20th Century Fox,6837273,194136,344947728,68
2CELLOS,22900,245,432186,2
3Blue1Brown,21524,90,298666,1
3D Printing Nerd,7086,89,144852,3
494ta,793,38,637942,1
4given4ever1,44286,3347,1386051,6
5-Minute Crafts,1920318,339407,249591883,22
52 Skillz,1857,87,164490,4
5FDPVEVO,1191653,35399,33501371,19
5MadMovieMakers,655216,24422,32955977,17
60 Minutes,514,18,90552,2
730 WVFN,62,210,43896,5
9-1-1 on FOX,38,0,3911,3
90s Commercials,2,0,773,1
A Chick Called Albert,827638,13315,22324463,7
ÃÂÃÂ»ÃÂµÃÂºÃ‘ÂÃÂµÃÂ¹ ÃÂÃÂ°ÃÂ²ÃÂ°ÃÂ»Ã‘Å’ÃÂ½Ã‘â€¹ÃÂ¹,365439,63579,5579079,1
ÃÂ¢ÃÂ¡ÃÂ,1667,418,180711,1
Ã£Æ’Â¯Ã£Æ’Â¼Ã£Æ’Å Ã£Æ’Â¼ Ã£Æ’â€“Ã£Æ’Â©Ã£â€šÂ¶Ã£Æ’Â¼Ã£â€šÂ¹ Ã¥â€¦Â¬Ã¥Â¼ÂÃ£Æ’ÂÃ£Æ’Â£Ã£Æ’Â³Ã£Æ’ÂÃ£Æ’Â«,154962,6128,7389323,6
Ã©Æ’Â­Ã©Å¸â€¹Ã¨Â¾Â°,99,2,26964,2
Ã¬ËœÂÃªÂµÂ­Ã«â€šÂ¨Ã¬Å¾Â Korean Englishman,147154,2579,5963784,6
A24,95815,3978,13474924,13
AaronsAnimals,100182,2039,2207374,12
ABC Action News,47504,6002,7848153,9
ABC News,64369,34754,9666836,70
ABC Television Network,302817,8199,15095201,10
ABC7,134523,7229,5506919,7
Abroad in Japan,42161,366,600360,5
Absolut,1367,117,586498,1
Access,2227,3035,479915,6
Access Hollywood,3522,1561,1163042,14
Adam Neely,57921,3110,1297318,5
Adam Smith,538077,36554,14750793,6
Adam Whitley,4,0,3053,3
Adam's Apple,15803,594,2063267,5
AdelaineMorin,68938,686,1109854,5
adidas Football,57201,11613,14964217,7
Adult Swim,1038626,39812,38578045,8
Adult Swim UK,5707,69,186062,5
Aerie,18,0,5144,1
AFP news agency,76,11,15574,4
AIA awards,8419,3546,558585,7
AirPano,514,72,100412,2
Al Jazeera English,10710,2117,1849646,26
Alabama Crimson Tide on AL.com,9143,1259,1731332,5
Alan Walker,2306156,34795,35843928,33
Alec Steele,53850,1002,1285670,7
Alesso,202082,11287,7786569,7
Alex Aiono,55532,628,668645,3
Alex Gilbert,23117,444,1717257,7
Alex Meyers,126373,2036,1907690,8
Alicia Keys,1354,181,95944,1
AlishaMarie,730306,8229,10561515,9
Alissa Ashley,869199,12422,9094406,26
All is Art,177148,7148,30618743,9
ALL URBAN CENTRAL,45043,3122,5491645,8
Allie Glines,36858,1870,1186551,9
AlmazanKitchen,6950,532,291454,2
Alpha Entertainment,0,0,894601,7
alt-J,83637,3529,2769646,7
Alto's Adventure,18160,696,1025636,7
Amanda Palmer,3177,18,57481,2
AmandaMoor & Craft Ideas,1184,177,64719,4
Amarullah Rizky,117,0,30801,3
AmazingPhil,2568964,14077,18201915,14
amazon,55167,5648,27952435,10
Amazon Studios,14788,2424,8395216,17
Amazon.co.uk,1023,795,438045,5
Amber Liu,133164,187,772801,5
Amber Scholl,484143,17107,9165810,25
amc,45526,9013,4046703,12
Amelia Liana,5692,176,186306,3
American Bridge 21st Century,0,0,22690,1
Anaki Abo,1211,72,358597,1
Andre Black Nerd,83196,4371,1407282,18
ANDREW HUANG,198077,1869,2790190,21
Andrew Lowe,238733,48881,4520045,7
Andrew Rowland,25226,1812,1888321,5
Andy Grammer,2926,53,74566,2
Anew Start,24311,729,2082164,6
Animal Adventure Park,28921,2492,1038309,9
Animal Planet,21621,1430,1418374,7
Anna Akana,426006,6123,5389630,27
Anna Saccone,214565,4808,4962538,5
AnselElgortVEVO,625267,7688,7590243,6
Anthem Lights,30696,264,624703,5
AnthonyPadilla,996237,27526,13416350,49
AntsCanada,202769,8642,4622106,6
Anwar Jibawi,2951427,88025,74444019,42
Any rubbish,6,0,14014,3
Apple,269589,44526,14352460,13
Apple Support,807,53,90362,5
Applied Science,25019,191,365461,7
Architectural Digest,36034,3072,2892284,5
Arden Rose,53343,1456,963110,10
ARIKITCHEN (Ã¬â€¢â€žÃ«Â¦Â¬Ã­â€šÂ¤Ã¬Â¹Å“),33176,569,1120759,4
AsapSCIENCE,1368720,68153,34023108,39
Asian Boss,24443,1072,801140,6
ASMR Darling,193252,12182,7316390,7
Associated Press,1773,2219,287119,21
Asthmatic Kitty Records,28629,1216,1839807,6
astroboy1960,67,2,30858,2
AT&T,137488,802,2673056,5
Atlanta Hawks,57,0,9202,3
Atlantic Records,1470879,19914,38120643,45
ATPWorldTour,5103,55,171452,3
Attaullah Malik,81153,40794,14177068,8
Audience Network,15,0,35543,3
Aunty Donna,44027,446,613206,6
Auralnauts,7254,153,140784,2
Austin Burk,684,31,45967,6
Austin Evans,561064,22287,16373151,35
austinmcconnell,122426,3276,2042338,13
Australia,46680,2283,6365560,9
Australian Open TV,72708,2737,9035474,17
AutoGuide.com,1524,209,164656,3
automotivemaster1972,29,6,14131,6
AviciiOfficialVEVO,481308,8542,12421837,6
Avocado,91724,4000,6245242,2
Avocados From Mexico,1033,57,2867651,4
Awkward Puppets,168148,2691,3193367,6
Aymeric Favard,553,37,86075,5
BÃƒËœRNSmusicVEVO,459687,8275,7190304,14
Bachelor Nation on ABC,738,636,261065,7
BachelorsPadTv,168751,5037,5489920,6
BaconLegs,29674,1415,1330172,6
Bad Lip Reading,4025700,145038,131462037,40
BAFTA,513,7,24248,1
Banana Culture Music,148481,1120,2661336,2
BANGTANTV,1838340,4881,10902829,5
Barcroft Animals,6713,128,245627,9
Barn Sanctuary,1125,17,308985,2
Barstool Sports,1226,153,168760,7
Battle Universe!,123459,9575,9051461,11
BBC,223842,54469,15051323,25
BBC America,16065,346,461086,9
BBC Earth,109219,5351,6482422,40
BBC Music,76625,2872,3293506,3
BBC News,213617,34179,23850270,54
BBC Radio 1,1965306,26127,53244375,47
BBC Three,238701,8215,10911332,18
BBCRadio1VEVO,51883,1897,1738414,13
Be Amazed,7616,483,350207,5
Beats 1 Radio,11479,543,905033,11
Beats by Dre,7824,158,2152261,1
Bebe Rexha,78342,2124,1353367,4
BeckVEVO,48760,2655,2386317,7
Bee Ly TV,55,6,7083,3
BehindTheSounds,1876,16,347321,4
BellaThorneVEVO,62285,3313,1260240,6
BellatorMMA,4016,603,2517679,2
Beme News,58492,2689,1201075,10
Ben Actis,177936,5027,10455839,8
Ben Pluimer,599086,38222,42801449,13
Ben Rohrbach,339,302,89113,5
Benn and Gear,1023,24,57047,2
BenTheBondsman,77479,6298,4722506,8
BeOurGuest,15690,2104,513554,5
Berd,226961,3636,3123806,14
BerkleyLovesTori,8545,279,1405747,7
Bethany Mota,350466,5592,5849270,5
Bethel Music,49201,848,1257393,7
BETNetworks,21972,5435,1143074,8
Beyonce,124775,12779,9578073,5
Beyond The Trailer,16615,3713,879400,7
BeyondSlowMotion,310,12,12468,1
Big Cat Rescue,9783,168,197455,5
Big Marvel,667748,8101,7323283,15
Big Ten Network,2044,285,416925,5
bigclivedotcom,4185,44,101100,2
Bill Gates,58536,2437,1435079,6
bill wurtz,4069015,103699,43814313,23
Billboard,3249132,54810,59406754,39
Billboard News,328,50,15451,4
Billions,9144,317,804500,4
Billy Graham Evangelistic Association,2475,284,35053,1
Binging with Babish,1432297,26105,43740776,42
Bini the Bunny,2246,10,26102,1
Birdbox Studio,1174,32,22695,1
bitluni's lab,771,5,10891,1
BjÃƒÂ¶rk,220151,8272,4003900,23
Bkav Corp,5231,1803,2247876,2
blackbearVEVO,231273,1546,2822309,4
BLACKPINK,802500,9542,16524026,5
BleachersVEVO,26971,464,692242,6
Bleecker Street,64924,15828,34262015,16
Blockbuster,40,79,12609,1
Blonded,556951,13839,13899991,7
Bloomberg,827,103,50503,2
Bloomberg Politics,720,487,64316,6
Blue Origin,37653,1192,2118215,8
Blurred Culture,5149,4095,1005042,6
blvck King,1166,15,110416,3
BMW USA,24937,720,3174474,3
Bob Przybylo,90,42,73390,6
Bobby Duke Arts,702499,14237,14353823,14
Boldly,1171038,100315,43947889,16
Bon AppÃƒÂ©tit,918806,36260,39802953,71
boogie2988,1984398,95802,29282299,13
BostonDynamics,2844037,79542,130744978,20
Brad Mondo,114125,3684,2854513,10
BrantleyGilbertVEVO,60376,1744,2363589,7
BrasherN,189475,14022,14114169,7
Brat,533320,9997,20658205,7
Brave Wilderness,2389896,43885,74584387,35
Bravo,5592,409,1072149,5
Braxen McConnell,1174,95,46980,5
Breakfast Club Power 105.1 FM,381402,70963,28257462,38
BreakingBenjaminVEVO,181868,3789,4019099,5
Brent Pella,274595,15864,10586842,8
Bret Baier,7850,5972,820339,7
BrettYoungVEVO,13966,398,333558,4
Brian Hull,235820,8511,7407313,24
Brian Klug,3908,61,302393,6
BrianJustinCrum,1666,36,27010,1
BRIGHT SIDE,150531,15062,6582622,5
Brothers Green Eats,1991,83,77630,1
Bruce Land,3287,4273,500381,6
Bruno Mars,9402010,312545,213126073,15
BTS Videos,477,200,153341,1
Bud Light,201106,57749,104489909,7
Budweiser,42793,8015,28592638,7
BUILD Series,20477,242,663095,11
Bundesliga,10632,108,230864,2
BURGER KING,831997,64635,26169061,8
Business Insider,33463,3305,2195754,33
Business Insider UK,1257,3885,593058,13
Business InsiderAu,182,70,61875,5
"But First, Coffee",277413,3914,6073847,3
Butch Hartman,1649625,43127,42233867,21
Buttered Side Down,117246,4794,3132338,19
BuzzFeed Celeb,279600,14553,10812563,11
BuzzFeed Nifty,72363,9355,3672371,24
BuzzFeedBlue,169841,106768,12339070,15
BuzzFeedVideo,1303726,93699,54433004,63
ByronTalbott,40310,2247,1243787,14
C-SPAN,128922,42182,7308845,28
CAguileraVEVO,21932,5805,1030676,8
CalumScottVEVO,1236302,9073,23905628,16
Calvin Klein,105134,82794,55096553,5
CalvinHarrisVEVO,314279,51238,12113607,10
Cam'ron,37779,11405,4193017,5
Camila Cabello,1799657,20901,17817374,15
CamilaCabelloVEVO,4482901,52573,70049199,17
Campari,964,314,368741,3
Campo Santo Productions,44630,11647,1935545,7
CamVEVO,41021,3766,2507442,9
Canada Soccer,908,97,126927,3
Candide Thovex,214914,2168,6997284,6
Capital FM,369558,22626,10317977,9
CaptainDisillusion,286255,2143,2554074,9
Car Commercials of the Past,88,3,19021,4
Car Throttle,42373,911,1308578,5
Caravan Carolyn,0,0,97321,4
Cardi B,3646518,197480,129689285,14
Cards Against Humanity,175327,59321,9186934,8
Carla Resendiz,185342,7813,6692044,8
Carlos Campos,7,0,15245,4
Carly and Erin,41384,449,452549,5
carrieunderwoodVEVO,128758,7542,6677347,6
Cartoon Hangover,5006,1168,131083,2
Casey Holmes,223191,4725,4099561,16
CaseyNeistat,7341925,384955,164914790,52
Caspar,195410,1707,1336644,5
Casually Explained,720633,23196,16086205,7
Cat Man Chris,102434,9931,4812051,12
Catch-Up TV,714,1099,50019,2
CatCreature,129765,675,1093311,12
Caterham Cars,22,1,4850,1
Caters Clips,211,65,90454,1
CatPusic,106025,619,1859327,4
CBC News,19705,1795,3508302,10
CBS,2868,552,173252,7
CBS Chicago,1251,131,135585,6
CBS Evening News,8091,849,1607245,10
CBS Films,5393,446,11322404,4
CBS Los Angeles,18264,2715,3194316,43
CBS Miami,65,13,11104,6
CBS New York,61007,3336,4489513,13
CBS News,103465,69761,19322495,55
CBS Philly,248,42,70221,3
CBS Sunday Morning,10217,536,3450547,12
CBS This Morning,90625,117590,15691125,55
CFL Insider,1901,145,228099,5
CGP Grey,1703372,11371,15155292,10
cgriesemer,967,48,332627,6
Chad Kroeger,5657,68,412812,1
ChainsmokersVEVO,4956244,199030,118870020,21
ChangeofplanZ,29799,2923,2826033,6
Channel 4,568,15,73387,3
Channel Awesome,331902,14462,10333649,18
Channon Rose Vlogs,22238,210,340859,3
Chappell Roan,692,4,96111,3
Charles Chan,30,7,12515,1
Charlie Puth,1298131,17329,21127388,12
CHauserable,6,3,1807,1
Check It Out,3192,1146,894787,1
Chevrolet,2388,298,312930,4
Chicago Sun-Times,1995,1934,337585,7
Chili Klaus,24120,1419,2343247,3
Chilly Willy,222630,3373,13124922,8
Chloe x Halle,283755,15513,6178272,17
ChloexHalleVEVO,2836,33,43072,4
Choir! Choir! Choir!,6645,101,376955,4
Chris and Jack,12968,138,242990,2
Chris Hadfield's Rare Earth,13876,429,269507,5
chris lee,9093,225,1225703,6
Chris Reinacher,29581,3031,527908,8
Chris Rosa,145685,11643,14377600,5
Chris Smoove,234262,6051,10949107,17
Chris Stuckmann,467820,27330,12599925,20
Chris Sturgeon,18,0,3438,1
Chris Turner,49172,1249,2791032,7
CHRIS-RS,400509,3929,12914827,6
ChrisBrownVEVO,320166,7963,9361727,7
Chriselle Lim,4091,362,102062,3
ChrisStapletonVEVO,108845,4652,5720718,20
Christen Dominique,300986,3027,3208887,7
Christine Sydelko,231634,2149,3204278,6
Christopher Davis,5349,359,503761,7
Chubbyemu,68254,2745,1988301,3
ChvrchesVEVO,57615,2207,2033978,6
cicigoodies2011,2315,88,109664,6
CinemaSins,2451131,145488,98660965,57
cineytele,13729,85,467030,2
CIRCUITBEARD,14,0,3114,1
Circus HalliGalli,5570,539,770855,4
CityNews Toronto,46,10,34133,1
Clark Zhu,493,39,49596,4
Cleveland Browns,22,2,2416,2
Cleveland Cavaliers on cleveland.com,1556,676,458973,6
Clevver News,102030,30498,13265810,28
Clevver Style,151741,10546,7445122,14
Cloth Map,16071,86,223952,3
clothesencounters,165667,3885,4009016,16
ClovesVEVO,1769,20,30260,1
CMAVEVO,1445,202,159222,3
CNBC,22482,6360,4586065,28
CNET,64903,3353,3021717,24
CNLohr,522,2,5224,1
CNN,255152,133352,24910046,85
CNNMoney,89298,4799,5385040,14
Cobra Kai,139713,13440,18277184,6
Coca-Cola,5003,2889,2559038,4
cocheusadoooo,1108,144,489259,3
Cody'sBLab,60451,449,926065,7
Cody'sLab,79293,1908,2892443,8
Cody'sLab Backup,21818,190,342379,5
CoinDaddy,139,7,9577,1
ColdFusion,145640,1707,2249459,8
Cole and Marmalade,269551,5147,6205719,16
colinfurze,433190,7288,9909809,12
Colleen Ballinger,483422,17501,12948464,8
Colleen Vlogs,319544,19024,10127882,19
CollegeHumor,1682859,86574,51641920,70
ColliderVideos,109228,8490,3905050,53
Collins Key,5996526,109520,73162789,8
colourpopcosmetics,12291,138,290848,4
Comedy Central,42191,1465,4753081,7
Comicbook.com,57358,4695,4166744,12
Commercials Funny,49,7,22034,1
communitychannel,125520,14725,1596177,6
Complex,762025,41550,28008346,27
CondÃƒÂ© Nast Traveler,2742,763,453497,8
Confuse News,375,156,182858,2
ConnorFranta,788069,7881,5614775,32
Conor Maynard,2207131,42292,44469933,5
Context Information Security,33,6,7392,2
Corinne Leigh,254981,1853,3083103,7
Corridor,124160,6987,3098057,5
Cosmopolitan.com,16652,223,660892,6
COVERGIRL,1542,241,53276,5
Cracked,312732,21765,10051250,26
Crafty Panda,41,2,16433,2
CrashCourse,9697,847,261871,6
CrashRacing,113482,7036,22199905,8
CrazyLaughAction,1020,33,494534,4
CrazyRussianHacker,1050375,59716,39791129,33
Cristi Cristian,10723,451,1556025,2
CrossKut316,1238,4,227777,2
CrowsEyeProductions,31161,1465,2122761,5
Crusoe the Celebrity Dachshund,17782,634,731637,6
CS Dojo,27518,549,599996,4
Cultaholic,21459,936,847019,5
CupcakeJemma,99824,1114,2254012,23
Cut,785850,13492,27331565,37
CyclingTips,132,18,9911,2
CYNVEVO,20054,976,665088,7
"Cyprus Air Heating, Cooling and Fireplaces",5103,1342,1259046,4
D3sports.com,554,326,181242,5
Daelric,768,22,98287,2
DaHoopSpot Productions,48,72,15532,6
Daily Caller,28040,671419,3527339,3
Daily Davidsons,9635,140,104586,4
Daisy Marquez,146736,12629,3331483,6
Dale Dai,17274,545,1392244,1
DamonAndJo,186228,4545,3015367,37
DanAndPhilGAMES,494934,1550,4033755,6
Dancing On Ice,0,0,1394268,4
Dancing With The Stars,33516,755,2325706,13
Dani Ochoa,1275579,42839,32321375,12
Daniel Howell,893415,3808,7298244,4
danisnotinteresting,106881,371,921606,5
dannotv,459,152,258506,1
Danny Sapko,15515,366,1018573,2
DanTDM,264151,2575,5093448,3
daronjay,27,0,10991,3
Darren Criss,32839,103,284049,5
Dave Lee,121078,5534,3343806,10
Davey Swatpaz,716,10,18832,2
David Archuleta,35414,542,786640,6
David Guetta,325741,11706,8199225,6
David Jardine,1723,57,136175,4
David Sistaro,9931,245,797804,7
David Steuer,49,7,27779,1
David Windestal,5265,169,170351,5
Davie504,133944,1977,2103375,7
Dawid Szmandra,37187,887,2324333,8
Daz Games,64731,1379,1000208,3
Dean Anderson,6,6,7325,1
Define American,0,0,7427,4
dekuNukem,19,2,4636,3
Demi Lovato,234786,4546,4197884,7
DemiLovatoVEVO,10006959,178654,181177688,22
Dennis Kapatos,8665,297,976061,6
Derek Hough,15402,1417,693299,9
Desi Perkins,702659,12859,10421452,22
Desktop Makes,404,3,10741,3
Despierta AmÃƒÂ©rica,2767,160,249627,6
Desus & Mero,5214,757,566387,4
devinsupertramp,12463,534,277859,2
Diet Coke,12143,31454,3660760,8
Dina Tokio,7408,243,149928,2
Diplo,518809,10882,12222339,13
Dish Nation,521,23,33230,3
Disney Descendants,167074,18876,8158025,6
Disney Movie Trailers,602565,63705,42465587,24
Disney Parks,9902,243,1009020,10
DisneyÃ¢â‚¬Â¢Pixar,6514921,189706,371016286,18
Disneyland Experience,564,27,28303,3
DisneyMusicVEVO,123420,3101,5916587,7
Dj Earworm,108031,12602,3034381,7
DJI,0,0,347586,4
DJSnakeVEVO,828883,12079,17011865,7
DKDKTV,1269,9,19662,3
Doctor Mike,13702,257,222545,4
Doctor Who,250148,44579,11648381,9
doddlevloggle,251649,2845,2336975,6
dodieVEVO,684266,6100,4684398,12
Dolan Twins,2369799,8339,18305623,12
Domain of Science,5590,34,62062,2
Domics,1762915,16055,24613246,14
Donald J. Trump Topic,7503,6968,1155214,3
DonDiablo,159065,2223,2329716,5
Donut Media,9557,152,482313,4
DoodleChaos,43253,571,1578502,5
dope2111,146435,7715,6915252,4
DopeBoyTroy,864,358,83768,5
DoritosÃ‚Â®,32086,991,1881906,2
Dorkly,223564,8181,7276493,6
Doug DeMuro,623963,29888,28634203,28
Doug Ellison,284044,19816,23832561,13
Doug Jones for Senate,8994,2826,893385,8
Dr. Sandra Lee (aka Dr. Pimple Popper),35197,2534,2176096,12
DraftExpress,27,2,3384,2
DragTimes,11475,2627,1577536,11
DrakeBellVEVO,3677,454,65973,1
DreamCastle_629,2493,210,333734,6
Drew Lynch,67470,596,1086603,11
DrMachakil,1963,27,77798,3
Dua Lipa,7096434,170972,124992796,13
Duan Mackenzie,18058,30,235838,3
Dude Perfect,12677510,174322,332128345,25
Duncan Sinfield,2506,85,576127,2
DunkFest,875,142,651570,6
Dustin Penner,13098,163,261544,4
Duston Ward,79719,4025,8898135,8
Dwarf Mamba,2750009,64063,49190093,8
Dylan Locke,3111,31,75929,2
E! Entertainment,199717,17310,28668844,67
E! Live from the Red Carpet,131115,10446,7042359,13
E! News,2092,998,378952,15
EA SPORTS FIFA,115440,5204,4566662,6
East Idaho News,391,485,317988,6
Eater,26417,2201,1922159,21
eba era,9,10,9699,3
Ed Sheeran,17115221,278081,400504946,17
edlover4real,29,4,6172,1
Edward Avila,70718,12877,1069816,8
ekaggrat singh kalsi,50,7,12787,2
ElbowVEVO,4563,306,335100,2
ElectroBOOM,242899,3091,3981785,13
Electron Dust,22,2,9353,2
ELLE,214535,2611,6332596,11
ElleOfTheMills,1744195,28758,15147270,19
ELLEUKTV,41590,3937,3091426,7
Ellie and Jared,409766,13991,7457580,13
EllieGouldingVEVO,54120,1267,677047,5
Elton John,3516,1261,408977,6
EltonJohnVEVO,15852,2450,5050726,6
Elvis Duran Show,3969,142,95505,6
EminemVEVO,20163046,923945,416007924,31
Emirates,12276,731,1771676,5
emma chamberlain,77824,661,897607,5
Emma Massingale,338,4,66436,4
emmymadeinjapan,59800,2270,1661782,12
Empire,1824,26,73730,3
empireofthesunvevo,17071,182,317301,2
End of Ze World,24815,6174,1251036,5
engineerguy,58385,265,826276,5
Enter Shikari,3959,158,99619,1
Entertainment Tonight,105998,35206,19418099,49
Entertainment Weekly,315,15,21321,6
EntertainmentVevo,29699,444,845262,1
Epicurious,50301,2619,2386207,2
Eric Strebel,1080,58,41509,10
Erin Noelle,58107,542,1268878,5
Errant Signal,13376,368,258330,5
ESPN,336801,63852,37258928,96
EstÃƒÂ©e Lalonde,12980,475,405897,3
Esther Bellido,47118,1343,3292899,5
ET Canada,29291,8811,5124037,6
euronews (in English),24314,3261,7353875,25
"European Space Agency, ESA",8185,329,659754,5
Eva Lunde Bentley,54861,932,2671536,8
Evan Edinger,50441,250,940371,6
Everyday Astronaut,53943,957,1697749,13
EverythingApplePro,110950,3587,3456350,5
EVNautilus,1981,7,89132,1
Exploring Alternatives,18617,238,466876,4
ExplosmEntertainment,2978600,89777,69368674,56
Extra Credits,95394,1229,1993489,6
F Milburn,18,11,11486,4
Facelesstech,6,0,3927,3
FacelesswithEyesOpen,62,0,5840,2
FaeryInLoveInc,3202,997,226629,4
FailArmy,82337,9699,6610961,3
FallOutBoyVEVO,2265559,50338,35972908,25
Famous Celebrities Snaps,89,49,4437501,11
Fancy Vlogs By Gab,39035,593,907355,2
fantano,32745,1451,1029580,9
FaZe Rug,1102574,209300,13665892,8
FBE,3457480,197662,103516267,50
FC Barcelona,246982,5812,9270318,29
Feast Of Fiction,42654,2497,1400086,12
Feelunique,756,20,87785,5
FerrasVEVO,3478,35,44195,3
FIFATV,51574,571,1812795,6
Fifty Shades,73076,12278,5697328,3
FiftyShadesVEVO,3538798,56303,86648549,25
FightHype.com,16341,4013,2680141,18
FILMWEBTV,15223,121,1338498,5
First Aid Kit,2666,15,70077,4
First We Feast,3564284,138356,84377565,93
Flash Rahbbit,319,15,13361,2
Fleur DeForce,262451,5319,5050456,18
flirppy242,235,3,80022,3
FliteTest,14602,169,319572,4
FloSports,298,42,116600,4
FlyFastandLow,26,0,12177,3
Focus Features,26811,2259,15971380,21
Fontgod,632,60,63389,5
Food Wishes,172319,5234,5405852,24
foofightersVEVO,114951,2160,3225798,8
Foot Locker,11524,429,15409025,10
Ford Europe,148,15,23852,2
Ford Motor Company,1710,110,302706,3
Forgotten Weapons,57987,439,1093644,5
fosterthepeopleVEVO,79537,2465,1448229,4
FOX,8854,1136,335797,10
Fox News,53665,14262,8989940,29
FOX Soccer,2864,269,330333,8
FOX Sports,16167,4044,3328895,21
FoxSearchlight,7502,318,1362374,4
Frank May,25467,1324,1669331,4
Frankie Vision,1857,26,220548,1
FRANKIEmusicVEVO,480,34,14223,2
Freddie Lister,81610,9831,7151971,7
FreeDawkins,3847,60,246361,9
Freedom of the Press Foundation,29479,2524,4278714,12
Freeform,219,2,7978,1
Freemeo,82,7,21441,2
FrenchMontanaVEVO,668861,23903,18885554,7
Frog The Rooster,1841,35,463694,2
FrownsUpsideDown,266,3,43332,4
Fueled By Ramen,2422446,43598,33174757,39
Full Frontal with Samantha Bee,494193,257262,32973495,63
Function,9338,155,344879,7
FundingCircleUK,133,22,664053,2
Funny Commercials,21931,693,2821311,3
Funny New Videos,20812,774,2594748,4
Funny News,7254,265,870774,2
Funny Or Die,7780,790,494239,9
FX Networks,92029,3561,4453454,22
Galantis,80096,1120,1467304,5
gamelovercommercials,2040,356,123153,6
GamingWithJen,160123,10220,5204680,7
Gatorade,2535,31,2031164,2
Gcincorp Ecommerce and Real Estate,1622,1110,945599,7
GEazyMusicVEVO,10929141,434011,415888915,31
geicocaveman2012,1907,78,530967,3
Genius,178361,9183,3357035,15
Genuine Survival Research Labs,185,12,39113,2
Geoff Mallinson,6,11,14363,3
Gerry Litwin,688190,52702,38140887,12
Gigi Gorgeous,74520,46595,2505629,7
GinWigmoreVEVO,814,27,10682,2
Glam&Gore,802161,7791,9775183,24
Glamour Magazine,370347,7430,11532705,8
GoDucksdotcom,20,4,1391,2
GohmertTX01,2069,1318,260000,6
Golden State Warriors,9194,123,513465,4
Gondwana Collection Namibia,1878,59,213584,1
Good Morning America,77304,1978,4252433,23
Good Morning Britain,3657,450,702210,7
Good Mythical Morning,864332,102291,38962432,57
Goodwillsandusky,7688,164,1064013,4
Google,601708,37964,17218420,20
GoPro,277131,5362,18077756,31
GQ,261404,9725,11399137,17
Grace Helbig,556525,9148,9487102,52
GraceVanderWaalVEVO,1536151,14467,18562724,13
Graham The Christian,391317,45956,12484874,7
grandayy,349680,11435,5050182,6
Grandpa Kitchen,115852,2478,3023782,7
grav3yardgirl,127646,5666,2798217,11
GrDrtube,42,0,14289,1
Great Big Story,390559,6030,13713854,72
GreatScott!,94187,2359,2270837,11
greeenpro,187,33,33547,3
Green Day,581275,12502,8817596,11
Gregg Peterson,56,173,20581,3
greyson97,21398,117,219215,5
Grist,37,2,3133,1
Groupon,7557,1663,26402350,7
Guardian News,102314,30766,17929278,53
Guava Juice,112851,15976,5706756,6
Guinness World Records,681,25,28539,1
Guldies,51856,254,668256,5
Gus Johnson,985535,47049,22635550,44
Guy Tang,206386,9198,7508430,7
GwenStefaniVEVO,21607,1620,1414601,6
gzumwalt,360,180,81483,6
H&M,29868,2597,2623070,8
HACKADAY,1092,33,36823,14
HaileeSteinfeldVEVO,1488006,16658,39712033,9
HaimVEVO,43455,941,1128822,5
Hak5,599,119,22417,2
Half as Interesting,539730,18579,18013582,39
Halfway Anywhere,2617,38,231541,4
HalseyVEVO,1745618,28386,29834129,7
Hamilton: An American Musical,215956,4599,3672322,7
Hannah Meloche,25192,153,327407,4
Hannah Stocking,2649294,160148,76219450,42
Hannah Witton,6524,56,54584,2
HANSE Ã­â€¢Å“Ã¬â€žÂ¸,49759,508,1230525,10
HANSON,17078,784,688533,10
HARRY,0,0,15311,4
HarryStylesVEVO,1619656,18449,13938107,6
Haru the Shiba Inu,5917,65,109804,2
Hayley Kiyoko,824502,8183,11254749,6
Hazel Hayes,57382,330,1021787,6
HBO,624921,29712,114005214,35
Healthcare Triage,7486,51,119893,8
Helen Anderson,12284,250,232032,3
HellthyJunkFood,486215,26466,15348987,51
Henry Prince Mak,77238,1400,552535,6
heroedelahistoria,511,30,294757,6
Hevesh5,500694,29933,41078824,36
heyitsfeiii,125807,1731,3295686,5
Highlight Heaven,247385,17107,15912747,15
Highsnobiety,4017,129,144133,5
HiHo Kids,11375,82,293612,2
Hillsong Worship,30419,545,632268,4
Hin Nya,7032,77,218855,1
Hollyscoop,841,102,79137,3
HollywoodLife,207679,55561,39219073,19
Honda,1883,601,347229,6
Hope For Paws - Official Rescue Channel,702346,8930,15873226,29
Hopeless Records,44252,537,661607,3
Horizon Productions SFL,68631,4059,11218319,9
HOT 97,328942,2859,7850299,6
Hot Dad,1172,18,13676,1
HOTSPOTATL,43,12,9331,3
HouzzTV,53220,1252,3003540,7
How Ridiculous,27566,326,913918,4
How To Cake It,439035,5641,10862282,23
How To Cook That,229220,5746,7427326,30
How to DAD,35311,1389,1122334,8
How To Make Everything,136714,4269,5041776,17
Howl Of A Dog,207941,2559,6549569,5
HowToBasic,303361,37153,6599715,3
hp_overload,186067,24962,6599794,7
HQVideoDude,41464,164,717486,5
Hudson Moore,15891,719,1581744,8
hudsonunionsociety,0,0,233441,7
Hulu,48163,4603,44677749,14
Humble Design,131,13,23634,1
Hunter Hayes,50415,1239,1344582,19
Hush Kit,8283,2954,1241321,5
Huw Parkinson,1685,19,82573,6
Huxley Berg Studios,93486,3789,4262244,9
HvdH-Plane-Spotter,135959,5461,24475287,5
hwow,33289,383,1215647,7
Hybrid Network,572,9,17081,2
Hydraulic Press Channel,123110,5640,4600322,13
HyundaiUSA,7484,14827,83086102,11
I Like To Make Stuff,115220,2287,4634436,4
I'm With Her,121,3,6148,1
I.T. Channel,57509,1030,1489992,6
IAmAnneMarie,94050,645,1726336,5
ibighit,23141028,298418,224009476,13
iDB,220,8,8436,2
IFC,19978,624,1189632,8
IFC Films,12348,5240,1149718,14
iggyazaleamusicVEVO,624147,55579,13219515,7
IGN,233596,15302,11286529,33
IGN News,4078,377,110977,10
iHasCupquake,250915,4693,5823433,7
IISuperwomanII,7910791,162095,109652282,56
iJustine,785496,74070,24563977,63
iKON,2242529,20612,33246211,5
ilikeweylie,19586,194,378807,5
ImagineDragonsVEVO,1546250,32969,32668620,23
In Case You Missed It,1114,11,120474,2
Inanna Sarkis,316344,13081,9252139,7
IncubusVEVO,56319,2016,1403575,10
India Love,38960,22648,1282828,6
India Survival Guide,38353,499,1256995,3
Ingrid Nilsen,50851,3902,1372218,14
INQUIRER.net,6926,193,815327,9
Inside Edition,373690,37225,22910839,66
Inside the Magic,25970,28132,3189718,9
INSIDER,648096,16218,28820579,80
Interscope Records,11212,355,705137,4
Inthefrow,18875,497,380708,4
Intuit,93126,32061,46410511,4
Invisible People,3071,111,74868,2
iotexpert,48,0,10067,3
IsraeliPM,145,18,7681,2
It's a small world,8125,338,105203,4
It's a Southern Thing,29512,1923,1572514,6
It's Okay To Be Smart,147021,1742,3000905,10
itsAlexClark,948267,24895,23030539,31
Itzztonytony,999,73,600850,2
Izac Less,9621,218,276540,3
J Gasser,7,4,4468,4
J S,57,1220,442190,2
J.J. McCullough,51165,14941,2238989,12
JÃƒÂ¡n IlavskÃƒÂ½,66011,995,3281173,4
Jack and Dean,104175,784,738059,5
Jack Coyne,158566,4569,3387722,11
Jackie Aina,2742621,48991,33900092,48
JackJohnsonVEVO,20946,575,543788,9
jacksfilms,4186145,59036,61101935,48
JackWhiteVEVO,130392,12798,6361229,12
Jaclyn Hill,595413,18223,10384088,12
Jacob Collier,49365,512,662097,6
Jaiden Animations,1928727,25357,28945742,10
Jake Roper,5845,167,143597,1
Jalopnik,3282,885,234387,5
James Charles,3211422,93917,38915376,31
James Veitch,9122,120,139989,1
JamesAVEVO,275421,1779,5465397,5
JamesBayVEVO,219397,8694,5049890,12
JamesBlakeVEVO,51041,3151,1894274,6
Jamie Demeter,826,10,163780,1
Janelle MonÃƒÂ¡e,33411,4014,2283498,6
JanPaul123,29,0,4253,1
JarJar Abrams,15528,380,643117,1
Jason Derulo,182706,8403,8524177,4
Jason Yu,76691,3023,2615721,6
JasonAldeanVEVO,138588,4829,7044089,7
JAY,4491,126,304415,4
JayRockVEVO,1651615,56298,43409357,6
JayZVEVO,566096,54312,18797516,5
Jeep,119137,4716,88158175,9
jeffreestar,1634885,42758,26703095,13
Jenn Im,119641,960,1504612,6
JennaMarbles,3461236,38005,49803463,19
jenniferhudsonVEVO,87617,2846,2461736,7
JenniferLopezVEVO,888483,73318,55649039,4
jennxpenn,304935,5865,3956094,12
Jenny Hanell,3,0,1827,1
Jenny Nicholson,333641,29443,6761567,42
Jeopardy!,44793,1065,4801836,7
jeremiah johnson,16,15,12749,4
Jeremy Jahns,571516,25627,17197588,26
JerryRigEverything,675755,16505,14285718,35
Jesse,357785,7065,5529291,8
Jessica Braun | JAMbeauty89,15925,658,354169,5
Jessica Clements,33606,355,596663,4
Jessica Kellgren-Fozard,16421,171,142863,6
Jessica Vu,56574,930,923493,7
JessieJVEVO,85251,1437,1647502,3
jessiepaege,217938,3093,1874310,15
Jessii Vee,29954,354,497080,5
JheneAikoVEVO,536866,7821,12361863,6
JimBrowski 96HourNews,67,28,78474,3
Jimmy Kimmel Live,1296805,148434,77585536,79
JK Brickworks,15624,260,586820,6
Joan Kim,34859,348,513000,8
JoergSprave,30423,198,581166,5
Joey Graceffa,1521232,22152,20183463,25
John Campea,77788,9160,2411621,43
John Lewis,233997,43667,30557393,4
John Maclean,36810,8951,1218763,7
John Sellars,30,0,7936,5
John Varvatos,360,3,12281,3
JOLLY,155699,3366,6411264,22
Jon B.,23497,1198,719831,6
Jon Olsson,26725,1256,693911,3
Jonathan Morrison,275092,21087,8103086,20
JonTronShow,1257906,25648,19103910,6
Jordan Wilson,295036,13651,15308631,9
Josh Groban,43322,2081,1636690,15
Josh Levine,53,0,11638,6
Joshua Levin,117,0,10845,2
JP & Julia,24266,1473,1096341,4
JuJu Smith-Schuster,55952,1317,1704488,4
Julien Solomita,90850,217,805019,6
JunsKitchen,2380627,14964,35328417,24
Just Between Us,54792,2490,1227100,11
Just Jared Jr,4150,12089,864971,5
Just Marcus,3091,47,46706,1
Just Wow me,125408,4468,15864924,8
justintimberlakeVEVO,4927766,526614,232092388,34
jypentertainment,10471609,740955,276291969,26
K Yuen,181,79,33260,1
Kandee Johnson,138946,11874,5197937,20
KaneBrownVEVO,144955,5632,6086269,15
Kanimuna Kisaka,196,92,42088,4
Kaplamino,217435,1391,7173978,9
Karim Jovian,7427,203,91110,4
Karina Garcia,279523,7347,9219130,6
Kat Cunning,249,36,65739,3
KATC,11856,1117,1680353,5
KathleenLights,472204,6580,8171877,18
Katy Perry,6243,106,56012,1
KatyPerryVEVO,8660466,1669622,273333649,18
Katzun,118796,1435,1358038,8
kawaiisweetworld,12977,173,238467,3
Kayley Melissa,25765,298,391075,11
KBAK - KBFX - Eyewitness News - BakersfieldNow,106778,3797,8080063,8
KBS World TV,464069,4590,7361683,3
KBSKpop,623072,16275,8346693,8
kehlani parrish,249116,3031,4721197,9
Keith Urban,33504,3377,1962651,6
KeithUrbanVEVO,97485,5790,4671903,14
Keke Palmer,117993,4598,1940696,14
Kelly Clarkson,45648,1425,1095642,15
Kelly Eden,6588,586,130715,5
KendrickLamarVEVO,8022003,132347,173712654,24
Kerry Wong,200,3,10247,3
Kevin Durant,24642,507,728354,4
Kevin Noonan,206,5,66740,5
Kevin Rabatin,8,0,7087,3
Kevin Stein,6,0,7151,3
KFC,22150,29336,3225221,7
KFlayVEVO,21539,382,310355,6
KhalidVEVO,1877115,28340,31235543,16
Kia Motors America,25971,1381,18470406,7
KickThePj,15262,26,83200,1
kimbramusic,27645,1147,596655,3
KIND Snacks,515,220,1597750,6
Kingsley,11895,29,131287,5
KipMooreVEVO,16147,1092,857590,6
KISS FM UK,11478,322,506043,6
Kita Osaka,63,6,16910,3
Kitchen Nightmares,419996,11451,35983552,19
Kitten Lady,40650,194,543681,7
KKandbabyJ,196614,2035,2915320,9
Klossy,234271,2449,5933371,17
kmichelle,12950,454,236609,2
Kortney Steury,16685,463,1450041,4
Kotaku,9099,1180,684418,6
Kraft Brand,2814,1739,1248146,7
KSNV News 3 Las Vegas,57,59,169511,1
KTVU,12796,216,1567786,5
Kurzgesagt Ã¢â‚¬â€œ In a Nutshell,4146100,128428,70575700,34
KygoOfficialVEVO,877829,11429,19071153,7
Kyle Gunderson,4669,188,355321,5
Kyle Jennermann,45377,1566,1673771,11
Kylie Cosmetics,453720,18747,11654705,8
Kylie Jenner,0,0,461064419,10
KylieMinogueOnVEVO,170167,6665,5572363,6
L2inc,8021,191,1029076,3
LadBaby Official,55092,1222,1911447,10
ladygagaarraza,1425,28,18916,1
LadyGagaVEVO,1884702,37855,30742191,15
LaMadelynn,31027,1049,566144,14
Lamborghini,922,25,43585,2
Lame Videos,37320,3793,2583029,3
Land Rover,238654,5670,14019124,7
Lane Anderson,27294,2705,1679819,3
lara6683,49769,526,1343869,7
LastWeekTonight,1760120,121317,59392739,17
Late Night with Seth Meyers,908477,85546,82677166,85
Late Show with David Letterman,2696,49,386441,2
LaToya Forever,17054,146,240801,5
Laura in the Kitchen,107849,3071,2945684,26
Laura Kampf,97900,2711,1818974,16
Laura Lee,165547,4132,3244244,6
LaurDIY,24649,193,355429,1
Lauren Elizabeth,16218,899,336452,5
Lauv,590921,3839,12255131,13
Lawrence Livermore National Laboratory,26,4,30361,1
LD Entertainment,1837,218,3044534,6
LecraeVEVO,111275,4557,2695370,13
Legendary,447474,36627,37558556,7
legofreedom1,2107,8,81709,5
Lele Pons,11868032,525701,245226624,43
leonalewis,96009,683,1014765,5
Leroy Sanchez,705742,3942,7219025,12
Let Me Explain Studios,536162,12590,9030647,6
LetsGoWarriors,147,13,16305,1
LexusVehicles,5380,444,707265,7
LGR,27507,295,613475,3
Liam Gallagher,30071,324,651947,3
LiamPayneVEVO,288172,1446,1787999,5
Life Noggin,1285548,41131,37238007,81
LifeAccordingToJimmy,192450,1345,1737228,8
Lifetime,892,186,277438,5
Like Stories of Old,17582,348,527044,3
Lil Peep,1171726,8715,19266150,6
LIL UZI VERT,1488571,87398,45907542,8
Lil Wayne,1040894,54293,42913354,9
Lily Pebbles,3287,77,91167,1
Lindsey Stirling,1399496,18463,24248935,16
Linkin Park,1567596,15601,19353808,23
Linus Tech Tips,1135679,79683,37092950,32
Lionsgate Movies,292803,4972,46971160,7
Lip Sync Battle,115574,6057,7862787,34
Lisa Eldridge,322412,3575,6054114,19
lisbug,21987,1189,315699,5
LissieVEVO,6411,53,101583,6
littleBits Electronics,48,3,5361,3
littlemixVEVO,1314486,12103,14241026,10
LIVEKellyandRyan,19351,969,2353851,27
Livia Giustiniani,184,24,200257,4
Liza Koshy,11124040,106904,130541992,27
LoeyLane,5233,2250,1716674,7
LOFTON SHAW,40,2,10437,2
Lofty Pursuits,127769,2722,2953345,5
Logan Paul Vlogs,31545290,13847251,484356303,24
LOL Network,1140520,25964,54230890,10
LOOK MUM NO COMPUTER,439593,17801,15703449,10
Looper,115392,13070,11484255,13
Lorraine,10287,445,1567723,10
Los Angeles Times,618,1625,256597,10
Loudwire,3406,109,108570,5
LouisTomlinsonVEVO,2057315,10278,14971040,6
Lucas,153418,41023,3079154,12
Lucas the Spider,4106632,86628,81834968,16
Lucy Moon,36517,587,532472,12
lugeyps3,1892,120,75807,3
lugnutsoldcrap,30,0,13061,2
LuisFonsiVEVO,16671426,753037,534738794,10
LukeBryanVEVO,66448,1889,1835018,15
LukeCombsVEVO,123610,3863,4167194,12
LustreLux,65998,1769,1152138,7
Lyft,9969,417,10113686,9
MÃƒÂ¡quina Voadora,5294,125,942188,6
MaccabeatsVideos,14595,425,922695,6
Macklemore LLC,1286582,32144,34127002,13
Maddie Lymburner,3037,160,104116,4
Maddie Ziegler,353219,3646,5432939,11
Madelaine Petsch,1311785,6505,16664356,34
Madmorda,144,1,4541,1
Maggie Lindemann,33688,201,312655,3
Maggie Smith KÃƒÂ¼hn,41,0,3411,1
Magnolia Pictures & Magnet Releasing,3682,304,383670,6
Major Lazer,1005473,18568,25516159,15
Maker's Box,135,5,25780,3
Makeupshayla,119330,3495,1819491,6
Malik Nabee,1532,670,846155,3
Mamrie Hart,27941,267,382966,3
Man About Cake,113033,1289,2611893,16
MandisaVEVO,23948,415,765649,5
Manny Mua,480126,11525,8104400,6
Marco Reps,9711,98,225914,7
Marcos Horacio,574,24,35332,4
MariahCareyVEVO,217103,13375,5149796,12
mariahxlambily,9365,2150,7763315,7
Marie McGann,161,46,51051,6
MARIO TESTINO,377,10,36452,5
marjolijn2,570,3,94077,3
Mark Ferris,21178,146,183572,4
Mark Linsangan,874,28,18783,2
Mark Rober,2260028,51669,79383365,20
Mark Sales,89358,6450,11206205,9
Markiplier,197425,2457,3296098,5
Maroon5VEVO,5170543,128669,139792531,19
Marques Brownlee,5282220,111929,96943703,66
marshmello,5673912,90580,106357042,21
Marteen Estevez,7049,79,188200,5
Martin Garrix,1570397,19332,27250257,7
Marvel Entertainment,24814715,457706,776328353,47
Marzia,1397570,15075,16227224,35
Mashable Daily,39815,5148,4292643,6
Mashed,49482,4343,5488331,7
MassLive,4265,494,696323,7
MassMutual,0,0,179241,4
MasterClass,5293,49,8291604,4
Masters Of The Sun,75,0,14142,3
Matoma,4054,55,56602,3
matt,119529,7243,6110345,8
Matt and Kim,19775,1714,922543,6
Matt Steffanina,85905,860,1345797,4
MatthewSantoro,64331,69457,1463506,4
Matthias,828954,18991,19048351,22
Matthias Wandel,230611,24591,16098820,19
MattMasonPhotography,279,23,194693,2
Max Fagin,7656,734,2242004,7
Max Hertan,498,53,34746,4
Max Joseph,141731,2413,895352,1
Max Skipper,48327,1028,2000143,7
Mayim Bialik,39163,3597,631958,16
Maymo,164489,16361,14521677,9
Mayo Clinic,1896,74,237307,1
mayratouchofglam,11306,870,345015,3
MAZELEE,83965,6096,1886026,6
McDonald's,438,170,1339491,4
MDNA SKIN,920,263,109222,2
Mecum Auctions,724,107,184459,2
MeganBatoon,9187,448,239621,3
melodysheep,12962,182,154695,5
Mental Floss,35803,1818,1160661,25
Mercedes-Benz,1836,66,82801,2
Merrell Twins Live,48671,823,910520,14
merrelltwins,109480,1795,1693093,4
MGM,7250,912,18178781,5
MGMTVEVO,153659,3969,4413729,7
Michael BublÃƒÂ©,3654,173,772722,3
Michael Dapaah,139017,1299,3128136,9
Michael Rigsby,26,0,6771,4
Michelle Khare,171403,21100,5303023,33
Michelob ULTRA,55467,22652,25810875,9
MickMake,161,2,3237,1
MiddleKidsVEVO,883,33,32433,2
Midnight Video,19809,500,258080,4
MigosVEVO,3727539,177918,122134908,20
MiguelVEVO,243813,2617,6006029,11
Mike Austin,326569,26511,42503849,9
Mike Boyd,566148,5570,12026638,20
Mike Diva,43989,2334,539059,6
Mike H,173,0,35257,4
mike m,768,1452,102560,1
Mike Olbinski,491,3,8177,1
Mikey Murphy,351470,1857,4047328,6
MILCK,613,4,10668,2
Milkmen Design,28,0,20507,4
Millie T,105278,2673,1957326,7
MinuteEarth,62104,2254,1363236,7
Miranda Sings,601059,26120,10273595,25
misleadingsilhouette,287,9,45096,1
Miss Universe,23391,2143,3889363,6
Missguided,18,0,4371,1
Missouri Star Quilt Company,11028,730,401909,9
MisterWivesVEVO,7135,127,83853,5
MITCHELL WIGGS,172500,2240,4549074,3
mittromney,5578,8429,501831,6
MK Dons,85,0,58437,3
MLB,62,0,36411,4
MLG Highlights,95333,261145,38629388,15
MLive,209299,18781,17672778,16
mmschocolate,60164,2121,4856227,15
MN khan,9281,1557,6802599,5
Mnet K-POP,2046222,37670,29980157,7
MOBO Awards,1471,97,139451,4
Moby,27532,1081,817445,6
MODSUN,5137,2646,180919,1
Molly Burke,41578,1172,1026401,10
Mom Will Be Proud,661,46,56466,2
Momentum Pictures,683,165,153584,9
MOMOMOYOUTHVEVO,74499,1033,1660223,2
monatheband,8704,133,296708,2
"monday.com, formerly dapulse",58,0,15544,3
Monster Cable Products,123045,52667,4355010,9
Monster Energy,3498,86,213682,2
MoorInfo,22468,3073,958422,6
MoreZoella,323221,3236,5596985,6
Morgan Adams,1040197,18928,12788114,15
Motherboard,91385,2498,3594802,8
Mountain Dew,16567,364,721569,2
Movie Munchies,1902,912,607934,5
Movie'n'co UK,4395,49,124733,4
MovieAccessTrailers,599,153,55746,3
Movieclips Coming Soon,3133,47,782848,8
Movieclips Film Festivals & Indie Films,177,11,26033,1
Movieclips Trailers,156499,321689,11481232,23
Mr Ben Brown,7152,117,135026,4
Mr Sunday Movies,468342,8265,11271625,14
Mr. Kate,1246060,13745,21265089,24
MrBeast,833375,53225,22068205,7
MrMobile [Michael Fisher],50824,502,1155974,4
MrNorrisVideos,1392,104,255161,2
MrTreknation,14918,1588,1181377,7
MsAaliyahJay,29069,806,451113,2
MSNBC,35110,10434,4780540,37
MTV International,43026,1022,1969687,6
mugumogu,22729,200,477173,10
Munchies,257890,6417,8999805,20
Muse,557461,30176,15128228,7
Muselk,113751,3864,3056994,6
Must Love Science,217,5,11924,2
Mustache Wax,5666,64,89905,3
mvt.ias,6451,565,383216,3
My Self Reliance,75296,1278,2024741,12
My Virgin Kitchen,26118,776,679545,7
MyHarto,161011,20263,3728970,16
MyLifeAsEva,309788,10914,4809601,7
MYSTERY SCIENCE THEATER 3000,8112,601,229716,10
Na So We See Am,37,0,5933,3
Nahre Sol,242,0,5149,1
NARLtv,37,6,7244,2
NASA,5229,149,106127,3
NASA Goddard,1653,289,198191,5
NASA Jet Propulsion Laboratory,62073,2565,8056076,8
NASCAR,1798,315,182590,4
Nat Geo WILD,545,3,61977,1
Natalies Outlet,1037849,8831,10180105,6
Nathan C,844,927,215552,5
Nathan Robinson,20927,196,1067078,4
National Geographic,210354,14510,10369604,41
National Safety Council,57,1,6832,3
Navenanthen Gepardieu,291,8,84501,4
NBA,450357,49241,33632887,94
NBA Highlights Ã‚Â· YouTube,4197,5360,2063293,7
NBA on ESPN,261,19,49357,5
NBA on TNT,60705,3853,6262486,7
NBA Stats All Seasons,8976,252,768746,5
NBC,625770,268173,33772031,15
NBC News,128610,117328,11780242,62
NBC Sports,62409,6905,6839205,24
negermano,9,0,5209,2
Neil Fraser,16,0,3812,2
neilyoungchannel,2312,86,149839,2
Nerdist,97586,3943,2581366,12
Nerdwriter1,1104445,13002,16602729,40
Netflix,820370,47285,41710723,95
Netflix Asia,52837,2396,4228105,7
New England Patriots,7907,789,697340,7
New Orleans Saints on NOLA.com,13790,1530,3175208,9
New Scientist,111,14,465893,1
New York Daily News,9414,2365,2430114,8
New York Magazine,66,0,6633,2
News 5 Cleveland,7060,1308,1223758,2
Newsflare,31043,367,1813073,6
NewsFunnies,4837,481,1332631,6
Newsy,143,36,4953,6
NFL,1355245,213130,124942646,99
NFL Network,111207,5013,12777656,9
NFL World,1140,861,351884,6
NFVEVO,1285326,22252,21923445,9
NiallHoranVEVO,1074275,6638,6658698,10
Nick Ramos,2433,3490,6436629,5
Nickelback,92622,4480,2163388,7
Nickelodeon,7612,1131,222821,3
Nicki Shields,675,53,102765,3
nickjonas,17292,400,495637,9
NickJonasVEVO,371569,5787,7069856,25
Nicol Concilio,107403,4608,2336425,7
Nicole Guerriero,31012,784,602739,2
nigahiga,3452454,55082,56404154,19
Nike,631761,43678,25776205,10
Niki and Gabi,711874,21899,19531458,10
Nikita Dragun,258621,4142,3629441,8
NikkieTutorials,5046234,48738,58169712,28
Nile Wilson,123618,4047,3508054,11
NinaNesbittMusicVEVO,75182,673,1198042,5
Nintendo,2867520,259662,93402960,40
NitroV2,6359,474,524217,6
NIXOLAS,16483,518,680855,8
NJ.com,60265,35956,13321604,18
Noah Nicholls,17479,578,5444065,4
NoahCyrusVEVO,500584,14534,8938720,9
NoahKahanVEVO,2008,22,32509,3
Nobrand,11191,814,464396,4
NOLA.com,1757,2360,167121,7
nothorwitzer,5275,688,317049,8
NOVA's Secret Life of Scientists and Engineers,118,2,12740,4
Now You See It,61197,1161,1196375,5
NowThis World,46444,7095,3513639,5
Numberphile,135223,1023,2669307,12
NWSSanDiego,104,6,19932,4
NZPoliceRecruitment,90279,3045,3921025,6
Obama Foundation,5910,267,169118,3
Oceana,132,5,36420,5
officer401,23868,719,604280,5
Official Charts,671,80,218781,10
officialcharlixcx,111708,1888,2005775,12
OjO Commuter Scooter by OjO Electric,6,1,1706,2
OK Go,517934,27983,41183174,7
OlanRogers,77918,1689,1152781,6
Olympic,47867,8391,4670431,10
Omaze,18303,272,495347,9
ombremor,3315,35,612401,5
Omeleto,232090,25884,11656567,14
"One List , One Life",4111,507,241520,6
ONE Media,158968,62158,22043556,21
OneBitMusicVEVO,128217,5801,3110803,3
onsetfacilities.com,2980,44,404058,1
Onur AltuÃ„Å¸ Sever,332,24,106135,6
Open Road Films,48156,3244,20319703,7
Orion Pictures,31961,4342,8933850,7
Oscar Fury,586,47,78493,4
Oscars,151995,38259,11704560,8
Outback Steakhouse,49,4,38782,4
OVO Sound,3766570,68821,65363750,6
Ozuna,67227,1473,1498866,1
PAC ENTRETENIMENTO / DJ IVAN DAVIS,6398,147,548778,3
Pac-12 Networks,0,0,189886,6
Palo Alto Online,3,0,2116,3
Panic! At The Disco,1441350,13737,15236171,12
Paramount Network,46417,147511,5482985,8
Paramount Pictures,2032120,54321,177775273,33
Paris Hilton,0,0,1558854,6
Parks and Recreation,10126,383,432930,7
ParsonJamesVEVO,20642,390,706615,8
Passenger,87098,996,1953666,7
Patricia Bright,416538,10659,6707897,10
Patrick Nan,182187,1308,5960191,5
PatrickStarrr,238226,5730,3754706,8
Paul Sellers,2766,22,68025,2
paul wheaton,782,165,221425,3
PaweÃ…â€š ZadroÃ…Â¼niak,88128,800,1715221,7
PB Comps,56278,2488,3038266,6
PBS Eons,28603,325,656580,4
PBS NewsHour,224197,22986,33007379,24
Peaceful Cuisine,16096,266,343037,5
PekingDukVEVO,1178,11,26117,1
Peloton,2775,5550,495919,5
Penguin Books South Africa,35,0,6736,3
Penguin Books UK,1105,2,103084,2
People are Awesome,79650,983,4151749,9
PeopleTV,29024,608,1438792,12
Pepsi,76378,34279,17501532,11
Pero Like,80101,2457,2329316,6
Persil ProClean,1202,844,2858154,7
PetaPixel,2707,200,2457408,1
Peter Brown,52360,500,1035003,7
Peter Caine Dog Training,1826,728,347282,2
Peter McKinnon,210573,3213,3541124,8
PeterSripol,120230,660,2038260,6
PhakeNam,13852,1089,864560,7
Philadelphia 76ers,442,25,70814,5
Philadelphia Eagles,23741,3391,2101312,6
Philip DeFranco,714792,20525,14748688,8
PhilPhillipsVEVO,2195,28,38068,1
PHP,70175,12538,10962577,5
Physics Girl,79345,2565,1367703,13
Piece Of Me Tour Planet Hollywood,31665,19628,3206710,8
Pies Are Awesome,53,0,5373,3
Pinball Wiz,1199485,13130,33991190,9
PinkVEVO,4217409,149363,133897758,18
PitbullVEVO,1396454,72067,36668491,10
Pitch Perfect,396303,18026,21021349,8
Pitchfork,59407,1264,1317806,5
Pittsburgh Dad,26238,1286,1302909,6
Pixielocks,29807,761,311572,10
pjmorton,1453,8,32837,2
PK Inventor,0,0,5509,1
Plasma Channel,758,26,22660,4
PLAYERUNKNOWN'S BATTLEGROUNDS,37084,1552,2892032,6
PlayOverwatch,677135,21631,19481778,15
PlayStation,515096,7060,12312195,6
PointlessBlogVlogs,128113,3431,2406749,5
PokÃƒÂ©mon GO,103919,9775,11537586,7
Polyphonic,14524,175,294806,2
Pomegranate Sunshine,4351,146,459914,6
PONY Syndrome,106679,2527,3473591,7
poofables,909,52,95085,1
Pop & Sports HQ,6967,494,305899,1
Popcorn with Peter Travers,18934,162,513918,5
Poppy,655315,61956,13460462,24
POPSUGAR,9344,81,695497,4
Popular Woodworking,3821,23,191448,4
Portugal. The Man,81384,3659,3356296,18
PostmodernJukebox,10844,302,226088,1
PrettyMuchVEVO,341128,1950,3177869,14
Prime Video,4308,508,32010035,5
Primitive Technology,842146,7440,20018181,5
Prince Marcus,42,0,19462,3
PrincessPiaMiaVEVO,13028,215,224819,2
ProZD,729247,46531,19644543,15
PsychoSoprano,458125,8393,6722392,11
PTXofficial,1031121,29236,24557705,13
Quad9 DNS,129,6,15940,3
QUARTZ,101,29,196913,3
Queen Naija,989586,9857,11969982,12
Quicken Loans,32368,1841,5021256,9
R3HAB,161240,1892,4019979,9
Rachel and Jun,89388,2704,2284670,2
Rachelleea,7099,130,98962,5
RachelPlattenVEVO,9205,352,326520,5
RackaRacka,272630,2759,3650323,3
Radio Andy,914,1520,276219,6
Radio Physics and Electronics,330,12,13958,4
Radovan Lazic,29812,10109,2956469,2
RagnBoneManVEVO,65739,1457,1265911,6
Rainer Hilland,6938,74,190023,5
Rainsford,751,79,29054,4
Ram Trucks,50801,51617,110711462,9
Ranz Kyle,667169,5256,8676032,16
RAP DAILY,99747,22599,6732940,7
Rapid Trailer,2837,334,821290,6
Rappler,118,43,191869,3
RawBeautyKristi,37673,1525,455842,5
razzark666,433,16,104148,2
Rclbeauty101,393556,12507,5599488,8
Reach Records,15570,769,355827,8
REACT,399918,18632,17058794,14
Real Madrid C.F.,18964,1141,951936,10
Real World Records,1378,28,66888,4
RealLifeLore,291461,11582,7989911,18
RealNewsNetworkMedia,580,440,82700,3
Rebel Wilson,61598,4177,3426561,9
Recanto EcolÃƒÂ³gico Rio da Prata,10429,379,918887,1
Recode,1087,267,203127,6
Recording Academy / GRAMMYs,74454,17203,7054634,7
Red Bull,217137,3098,12569658,26
Red Bull Records,816,63,18278,3
Red Robot - Intelligent Distribution,846,70,313531,3
RedCurtainEnt,10048,989,5961158,3
Redline Reviews,7100,346,454709,4
Refinery29,142712,15585,6068962,91
Rella On the radio,44530,1333,8629097,5
RemyMaVEVO,1282266,169431,35527167,25
Represent.Us,338,101,34212,3
Republican News Watch,20,4,3596,1
reputationswift,1929,538,195058,6
RESSENCE WATCHES,88,6,42187,3
RetroManCave,9962,56,121971,8
revlon,114,4,7130,1
Revolt TV,288193,18377,8055481,8
Ricky Dillon,79223,2563,1647379,4
RihannaNavyVevo,163,30,10754,1
Rise,765,59,1713328,4
Rita Ora,53199,1412,1510319,6
RM Videos,22276,1934,6890169,45
Roadshow,2091,531,213860,4
Rob Andretti,0,5,4644,2
Rob Bliss,379159,16526,9701123,7
Rob Scallon,45855,670,818233,3
Rock & Roll Hall of Fame,381,50,11594,2
RocketJump Film School,9549,60,114859,4
rollingstoneonline,1332,34,141352,3
ROME REPORTS in English,293,36,30508,3
Rooster Teeth,404418,18690,9827843,13
Rosanna Pansino,1323252,22670,30425093,47
Ross Kempsell,13,78,6027,2
Roy Moore for Senate,29023,397959,5247547,8
Royal Academy of Arts,239,6,87284,5
Royal Blood,83322,978,1283922,8
Rudimental,545942,6500,16427946,12
Rudy Mancuso,4184047,83630,73772856,28
Russell Howard,53594,657,1669230,3
Ryan Calme,9904,216,578771,3
Ryan Canty,80544,4360,11715543,5
Ryan Davidson,2369,486,744168,6
Ryan Northover,504,49,227989,6
Ryan Williams,18893,201,456724,5
RZSS Highland Wildlife Park,48,0,14501,4
Safiya Nygaard,5587541,62093,113590188,42
SaggyJ,18316,3580,1005159,2
Sailing La Vagabonde,25696,439,822255,4
Sailor J,375871,10320,4147944,30
Saint Louis Chess Club,7366,527,1196820,11
Sam Chui,102016,10193,11779203,6
Sam Sheffer,15874,1562,321664,5
Samantha Maria,30226,837,556582,8
SamSmithWorldVEVO,1761312,20506,42736277,15
Samsung Mobile USA,10163,427,405964,7
Sara Dietschy,51561,3155,1179980,21
Sarasota Police Department,8,0,2769,2
Saskatchewan Rush,12,0,6153,3
Saturday Night Live,2185408,272931,182287923,80
Sauber F1 Team,2868,49,275040,2
Saved By The Max,21,0,7008,3
SB Nation,17976,1486,391333,4
SB-LII Commercials,48006,4115,6377720,9
SBS TVÃ«Ââ„¢Ã«Â¬Â¼Ã«â€ ÂÃ¬Å¾Â¥xÃ¬â€¢Â Ã«â€¹Ë†Ã«Â©â‚¬Ã«Â´Â,2890,48,191934,2
Science Magazine,3254,141,1303107,3
Science vs Cinema,90,8,6320,1
SciShow,468204,17896,13120406,52
Scotty Sire,717219,2484,4439770,6
ScottyMcCreeryVEVO,19434,1430,1152025,7
Screen Junkies,3028600,84949,114955368,78
ScreenJunkies News,62267,5257,2409936,38
ScreenPrism,61408,5735,2042168,14
SeanPaulVEVO,378805,5758,8502127,6
See You Yang,10495,904,1217826,6
SelenaGomezVEVO,6858924,131004,116603411,18
Senator Chris Murphy,6026,3665,371306,8
Seonkyoung Longest,64494,1325,1264699,12
Sesame Street,21745,548,1811365,4
Seth's Bike Hacks,45435,451,1302485,6
Sevdaliza,6419,34,90206,1
Shaaanxo,19166,180,361165,2
Shade 45,17097,10053,1927753,8
shakiraVEVO,3865460,704716,122400297,7
Shameless Maya,67519,2113,1110217,9
shane,3836973,31543,35413539,9
Shantell Martin,18073,364,186274,4
Shawn,55,1,7036,1
Shawn Johnson East,87295,9427,3866858,10
ShawnMendesVEVO,1088854,5850,12501077,8
Shay Mitchell,1218330,104755,37649692,13
Sherylcrow,2908,519,204105,4
Shesez,49898,1701,1785251,5
Shmee150,26094,2064,1528667,4
shoaib246,64,4,25796,1
Shoshana Bean,97673,2719,2575740,7
SHOWTIME,4573,1013,546964,1
SHOWTIME Sports,686,89,178435,6
shurap,8818,109,240246,3
Shyrynne,25233,598,1035381,1
SiaVEVO,2737851,75269,64602694,33
Sieuwe Elferink,16,2,9181,2
SiggasNationÃ¢â€žÂ¢,226,18,10525,1
SigridVEVO,95161,1763,1824117,6
Simon and Martina,262322,6491,6173193,24
Simon's Cat,757205,13191,18019504,53
Simone Giertz,341005,16654,9089748,25
Simply Nailogical,6260001,57669,116445329,53
Simply Not Logical,967951,10018,14186497,17
Single Shot,9,3,2951,3
SIRAH,9525,330,157979,5
SiriusXM,58909,2460,1805745,15
Skelly Robot,90,1,4767,1
SKITTLESbrand,19427,1684,1700600,8
slaymeclarkson c:,22749,879,1282029,8
Slednecks,36,0,10259,2
Slooh,0,0,1869637,6
SmarterEveryDay,446952,10083,10344595,15
Smequle,248,10,46303,2
smoothiethecat,8841,91,160527,3
Smosh,2651754,201679,76700739,57
SMTOWN,24216322,350582,256987943,47
Smyang Piano,33890,23,234553,6
Snapchat,0,0,21791461,8
SnekTek,3988,115,204398,3
So I Had This Idea...,1271,87,97217,1
Solid Gold Aquatics,53966,1704,1509705,6
Sony Pictures Entertainment,3408525,414562,215449430,39
Sound Bites,2167,10171,300923,6
Southwest Florida Eagle Cam,6185,540,718213,4
souviendra,2040,75,506362,6
SpaceX,3751405,112293,191262816,24
Special Books by Special Kids,12189,102,165256,5
Specialized Bicycles,3589,83,208577,4
Spectrum Haleskarth,64,0,24247,4
Speks,60,8,9158,4
Spinach Dippa,2246,425,111661,2
Sport Hub,556,301,276569,6
Sports Illustrated,2397,2851,755643,6
Sports Lovers n1,43,55,151148,5
SPORTSNET,15975,323,1817566,13
Spotify,25812,1190,2261008,9
Sprinkleofglitter,432386,5475,8952248,16
Sprint,6249,3519,4983540,5
Squarespace,5234,198,2543558,4
Squirrel Monkey,21906,1155,1172874,8
SR Trailers and Interviews,1735,16,81445,4
SRAM MTB,1082,184,183730,3
Srinath .S,813,54,174320,2
Sriram Murali,16530,402,415228,9
stacyvlogs,71586,567,1201263,9
StanDrawsSpaceships,14155,323,668487,4
standupmaths,96045,2821,2798640,16
Star Wars,1063435,151316,46105348,42
Star Wars Coffee,6519,200,220237,8
Star Wars HQ,13588,567,603859,4
startelegramvideo,2642,206,339941,4
Steeper33,2544,491,201706,3
Stefany Gonzalez,79,6,23442,2
Step Up: High Water,67255,13171,22447439,9
Steve Kovach,0,0,2259,1
Steve TV Show,4163,696,533630,9
Stewart Brand,49,0,6412,1
StingVEVO,129416,4455,5102092,8
StorrorBlog,70740,1491,1492977,2
StoryCorps,3672,157,162346,5
Storyful News,633,174,244532,1
Strange incident,19613,9652,835050,8
Strange Parts,22560,216,282580,1
Street Speed 717,46457,1577,1166355,5
Strictly Dumpling,142912,6300,5809054,8
Studio C,157388,5422,4195782,8
STX Entertainment,1474,74,274257,6
Sufficiently Advanced,27433,6467,2348034,8
Sugar Pine 7,218823,4611,3123696,14
SugarlandVEVO,67545,5607,5198965,12
Summit,1041,74,81647,5
Summoning Salt,141921,3657,3854531,6
Super Netvid,42556,2791,3014847,1
SuperCarlinBrothers,18369,272,382949,2
SUPERFRUIT,583677,11755,6137973,15
SuperwomanVlogs,65325,2880,1072588,5
SupremeSounds,29628,267,1044035,2
Swish Daily,17893,2032,3574548,3
sWooZie,320682,11087,5913141,5
Symon,1219,61,321089,5
Syracuse Orange,200,62,76190,5
SZAVEVO,1677099,212109,51729360,16
T-Mobile,25762,7514,117979039,16
taalk com,69,6,3757,3
Talks at Google,445,15,53000,1
Tamar Chronicles,3454,284,451356,1
Tamika Hall,39,3,15658,3
Tanner Braungardt,443912,56659,15722889,7
Tanya Burr,49439,1275,1494705,6
Taras Malyar,21,0,5086,2
Tasty,1244557,34421,32886324,48
Tati,583289,17561,11804521,15
Taylor Alexander,38,2,5584,1
Taylor Nicole Dean,943031,20372,14789738,28
Taylor R,23481,297,252379,2
Taylor Swift,870189,15080,14422595,23
TaylorSwiftVEVO,12284727,628334,244182424,14
TBS,219597,13211,11950727,14
TDAmeritrade,0,0,3831,1
Team Coco,157993,20508,14091303,21
Team Edge,296111,6662,14290845,12
Tech Insider,211187,9094,14029022,25
TechCrunch,2759,286,1986576,11
Techmoan,28932,332,508899,4
Technology Connections,35868,1360,887694,4
Technomanila,734,480,197714,6
TechRax,432343,75129,18272347,12
TechSmartt,460714,296767,28795673,18
TED,12213,839,334974,7
TED-Ed,747578,13689,18690209,61
Teen Vogue,183418,1782,3746552,24
Tegan and Sara,1372,5,17855,3
Tentmaker Pictures,0,0,7275,3
Terrormink,660,76,109170,5
Tessa Violet,95231,473,822179,8
Tested,21092,845,1546802,5
That Japanese Man Yuta,91287,1492,1111674,1
The 2x Family,712994,14828,8200751,6
The ACE Family,6125805,54199,64609976,9
The Action Lab,109001,16455,8054309,5
The Angie Martinez Show,2101,156,180119,5
The Anna Edit,3885,66,112510,1
The Atlantic,6426,372,400933,11
The Bachelor Insider,2412,282,267381,4
The Bella Twins,267101,5856,6826745,16
The CGBros,3618,146,106718,4
The Cincinnati Zoo & Botanical Garden,10548,87,245722,4
The Cuddle Squad,8879,1192,634593,9
The Current Source,619,4,14114,4
The CW Television Network,29107,598,1301364,17
The Daily Show with Trevor Noah,515978,136639,31574912,16
The Deal Guy,39719,5286,1483511,10
The Dodo,857598,16559,34568943,61
The Film Theorists,4567605,229358,144650505,38
The Food Ranger,539082,21423,23587884,29
The Graham Norton Show,788499,23173,53790378,52
The Grand Tour,325810,12020,12717282,23
the Hacksmith,472948,19202,25690388,12
The Hollywood Reporter,54621,7685,3841860,35
The Inertia,296,69,65371,1
The Infographics Show,329969,29286,16362800,28
The Key of Awesome,203510,7216,3418838,9
The king of DIY,47789,1695,1520892,6
The King of Random,1046977,127094,48705428,56
The Late Late Show with James Corden,4326422,141081,122739227,71
The Late Show with Stephen Colbert,818188,119215,60734102,85
The Lore Master,21811,284,491300,4
The Modern Rogue,26908,384,657549,4
The New York Times,383214,13983,14660223,56
The New Yorker,2264,223,245242,5
The Nocturnal Alchemist,63,4,3712,2
The Office US,14104,167,642444,3
The Official PokÃƒÂ©mon YouTube Channel,542681,43828,27453726,22
The Ohana Adventure,27444,795,506612,7
The Orchard Movies,60630,2766,3136894,10
The Oregonian,12284,4917,3023652,9
The Pet Collective,109250,4374,5730942,9
The Players' Tribune,678,8,47122,3
The Real Daytime,70442,4765,6266151,25
The Ringer,1519,115,116487,5
The Rock,61805,709,1083966,11
The Royal Family,436332,51704,19939567,9
The Royal Family Channel,19517,3105,1952878,15
The Scam On Demand,48,8,5107,3
The School of Life,323976,12503,7242558,32
The Scran Line,78552,1881,1539249,37
The Slow Mo Guys,5385136,93415,139307255,45
The Sports King,1163,26,111141,5
The Square to Spare,21668,476,495118,6
The Sydney Morning Herald,37,15,15321,5
The Talk,15279,7457,3181976,26
The Telegraph,15975,6011,5940518,8
The Thought Emporium,14552,1593,519630,6
The Tommy Edison Experience,10839,56,142024,6
The Tonight Show Starring Jimmy Fallon,1365721,78801,68543272,91
The Unipiper,10999,367,368536,5
The University of Chicago,116,11,30184,4
The Valleyfolk,282106,2779,2219026,8
The Verge,658542,35049,28373893,46
The View,102272,48015,13901806,56
The Voice,388078,26025,26215756,41
The Weather Channel,84550,2455,7784540,9
The White House,330592,254104,16403196,21
The X Factor UK,1034745,19722,28161814,13
TheAngryGrandpaShow,3949318,53412,44963723,8
TheBackyardScientist,133036,12327,6037569,7
TheBeatlesVEVO,87544,688,1776501,4
theCHIVE,95511,6478,7706805,8
TheCubician,56401,3776,1724081,6
TheEllenShow,1878924,55900,82770028,86
thegameawards,165686,9605,8454016,6
TheGracieC,246,12,156094,3
TheHoonigans,57654,517,1770190,5
TheJuicyJVEVO,22208,10674,1225957,3
TheKillersVEVO,77631,1652,1366893,5
Theme Park Review,10963,817,961799,11
TheMeanKitty,68961,1694,1815703,3
theneedledrop,320819,27553,9574670,30
TheOdd1sOut,2456658,29361,45449800,7
ThePianoGuys,49836,769,1222405,6
TheReportOfTheWeek,318784,26860,9124684,16
TheScriptVEVO,167339,1591,2774676,11
theSkimm,4,30,24205,2
TheSorryGirls,78415,2433,1521589,12
TheTimTracker,39167,1546,1323979,12
TheUnlockr,3973,96,65222,7
TheVampsVEVO,128252,342,940982,5
thevirts,17817,339,447339,4
Third Leg Studios,81838,7069,3217651,13
ThirtySecondsToMarsVEVO,352153,14271,6900112,8
This Is Us,22134,2384,1899806,8
This Morning,8061,1258,1083689,5
ThisDustIn,1948,79,214742,3
Thomas Sanders,329835,6424,3662971,17
Thomas Sebastian,37,1,3788,1
ThomasRhettVEVO,780856,26274,48557588,11
ThreadBanger,1162689,13748,19400625,22
ThreeDaysGraceVEVO,374708,8437,5527420,7
Tia Mowry's Quick Fix,231648,6664,5489420,6
Tide,808965,22003,39538681,10
TiffyQuake,30402,266,556909,14
Tim Barrett,58,8,52428,2
Tim Gray,19980,662,1013352,5
TimandFaithVEVO,6287,290,254519,5
TIME,108255,44227,20245899,48
Tina Nguyen,524,1523,105157,5
Tina Yong,132503,1823,2171817,7
TinasheOfficialVEVO,1217555,32483,27423391,16
TMZ,612498,143275,31007719,35
TMZSports,5934,3400,3505996,1
TNT,3460,1282,563674,7
TobyMacVEVO,58344,1346,1477864,5
TODAY,182702,121423,21983555,71
Today I Found Out,296726,20393,11989085,19
todrickhall,63266,614,652381,8
Tom Daley,30402,558,477464,10
Tom Harlock,125917,2828,1715725,7
Tom Scott,1590939,39125,35403212,88
Tom Stanton,35058,918,933815,8
Tom Thum,8338,46,64822,3
ToniBraxtonVEVO,65253,1388,1645880,5
Tony Baker Comedy,15298,417,265286,5
Tony Berza,987,18,63448,2
tonyvera1902,33797,1986,2633276,6
toofacedcosmetics,1787,80,29617,2
Top Korean News,22953,2110,1876334,8
TopClips247,26180,761,3562683,4
Topi The Corgi,44182,599,660916,14
Topic,538,20,58585,4
Torm place,277,164,127907,4
Total Combat,17,3,1722,1
ToveLoVEVO,52838,704,930627,5
tovestyrkeVEVO,3812,27,30716,3
Townsends,4038,16,52299,3
Toyota Global,34935,1922,3730960,7
Toyota USA,5469,610,1201986,7
Tpindell,180740,8545,4182989,8
Trace Cyrus,29231,6041,1752406,7
TraceyThornVEVO,2747,33,101406,5
Trailers Promos Teasers,5086,4162,1651713,14
TrainVEVO,569,42,30021,1
Trevor Moran,66026,671,553866,1
Trevor Wallace,3146,27,31048,4
TRL,23432,626,391341,5
TromaMovies,42443,4759,8823516,8
Troom Troom,532038,122801,60865590,13
Troye Sivan,225529,2417,1937252,5
TroyeSivanVEVO,3668283,64945,45972812,16
truTV,108,12,7829,2
TRYANGLE FILMS,2175140,90777,46062940,6
Tryst Network,788,538,250298,5
TSN Tube,776,70,141052,1
Tu Fan,998,93,82087,1
Tucker Gott,15909,200,175852,1
Turbo Conquering Mega Eagle,615,75,60624,3
TurboTax,30937,682,4370697,11
Turkish Airlines,22641,1826,86666242,7
Turn10Studios,9978,473,390634,7
TV One,0,0,931829,5
TV Promos,34072,1193,3665480,20
Tyler Oakley,572226,11111,7446840,36
Tyler Stalman,49607,2135,1581403,15
Tyler Williams,31892,197,691229,1
U.S. Navy,2776,339,851915,4
U2VEVO,289369,41526,11651587,29
UCAN Zippers USA,31,9,13648,3
UFC - Ultimate Fighting Championship,33506,1813,4164529,7
UJ,2906,33,271369,5
Ultra Music,1062011,28045,19749530,12
Unbox Therapy,2762816,128726,45970446,17
Unique Vibes,1425,118,94323,5
United Launch Alliance,16829,2773,2776246,13
Universal Pictures,6589259,328049,461273964,53
University of Rochester EEOC Complainants,46,20,3773,4
UrAvgConsumer,121621,7486,6017708,8
Us Weekly,636,16,109438,3
USA TODAY,21645,8917,2454681,36
Useless Duck Company,1002,95,213163,4
Valk Aviation,1102,164,1609149,2
Vance Joy,204210,1884,4505738,13
Vanity Fair,1488114,40188,40542008,56
Variety,66035,78896,10504555,27
Vat19Nvjds,526,65,48416,3
Veritasium,522843,5903,9051086,14
Verizon,49607,3614,3222759,7
Vet Ranch,88009,1538,1936133,5
Vevo,2714928,111877,110333348,8
Vic Dibitetto,16528,1577,753604,4
VICE,153333,5163,4209236,10
VICE News,39483,8267,4088723,23
VICELAND,137690,27890,11359237,10
Victoria's Secret,56120,1589,2316654,7
VidCon,20250,173,594962,3
Video Library,16,5,38824,3
VideoGameAds,52,0,15658,4
videogamedunkey,1190643,19720,24159761,6
Vinheteiro,75578,2377,1855819,8
Viral Paws,600,5,15461,2
ViralHog,43649,2121,5979781,36
Viva La Dirt League,15888,126,233460,4
vlogbrothers,719945,13506,12230458,56
Vlogs By DK4L,145730,4911,2652236,6
vnbreyes,19,0,24546,8
Vogue,4274018,49304,63603286,58
Voicebot,10,10,18578,5
Voltfolio,86,0,8266,3
voordeel,59619,324,658993,6
VOsprey22,145,0,18856,6
Vostok.bike,13,0,2322,2
Vote The Process,2377,105,355227,4
Vox,1907589,203283,63874340,95
Vsauce2,44735,724,934751,5
Walking With Giants,27638,1335,1031035,6
Wall Street Journal,17082,2151,1755440,8
Warner Bros. Pictures,2090058,385574,189379185,73
Warner Bros. UK,44835,9284,4750222,7
Washington Post,87480,530259,17644405,76
Wassabi Productions,153785,2943,2661437,6
Watch What Happens Live with Andy Cohen,45537,32629,8954852,66
Waterjet Channel,95244,4348,4222139,10
wdwmagic,107728,81439,9265854,10
WE tv,2397,2247,361732,13
WeatherTech,6214,505,1886555,4
Wendover Productions,1114059,38400,31950182,43
Wendy Williams,98455,23482,6306370,22
Wendy's,212,44,124022,1
Wengie,420894,38349,14437979,7
West Midlands Police,2101,566,3236524,5
WFLA News Channel 8,69076,4666,1717283,7
WGA West,723,38,69555,5
What I've Learned,24352,333,459479,2
What's Inside?,255814,53938,17572083,14
WHAT'S INSIDE? FAMILY,30074,2916,1544788,13
WhatCulture Wrestling,27244,5047,2226514,6
WhatsApp Wacky,7,0,2585,1
WhatsUpMoms,45324,732,1811012,5
Whistle Sports,454907,11543,32007446,12
Whitney Avalon,19632,754,259070,6
Whitney Port,1170,22,55398,1
Why Don't We,250422,1247,2134458,3
Whyte Foxx Music Videos & More,55,6,67944,2
WildTurkeyBourbon,8570,331,715119,8
Will Darbyshire,33726,378,283392,7
Will Smith,572981,7586,10204003,17
William Osman,1419057,21381,22948742,61
Wintergatan,47640,263,783946,4
WIRED,4011642,86659,124237402,70
Wix.com,5740,126,1373974,5
WLKY News Louisville,33,105,20229,3
Wong Fu Productions,346930,5789,5643111,20
World Eyes,227,0,79533,6
WOWPresents,123134,7722,5152253,21
WQAD News 8,21,3,22872,3
Writers Guild of America East,1194,23,85459,3
WTHR,1036,106,199435,7
WWE,3308394,99980,170551952,83
WXYZ-TV Detroit | Channel 7,65924,7119,4545273,7
X Factor Italia,20547,135,407107,2
X Games,3212,167,548768,6
XAmbassadorsVEVO,144847,2275,3171577,13
Xbox,2465,109,48735,1
XenonJohn,5068,1417,445768,9
XFL,1045,122,102749,4
Xscape - Topic,7561,135,137756,4
YBF Chic,187,5,36719,11
yeokm1,176,2,24311,1
Yes Theory,134302,1901,2920522,8
Yoga With Adriene,96565,1401,3397020,7
You Suck At Cooking,1213639,42913,27918671,31
YouTube Spotlight,19862478,10117195,783298628,11
Youtube Tea,3686,978,413650,8
yovo68,7282,345,684547,2
YTN NEWS,5496,510,1419929,8
Zach Simmons,3381,829,291189,5
Zebra Corner,306548,9574,9268406,6
ZEDDVEVO,787773,54953,38631230,12
Zendaya,370952,4213,8234661,7
Zero Media,55507,3098,5869635,3
Zoella,999942,29892,15564653,19
